code,description,last_updated
44,Mesna,2025-11-24 12:15:30
61,beta-Alanine,2025-11-24 12:15:30
74,4-Aminobenzoic Acid,2025-11-24 12:15:30
90,Eicosapentaenoic Acid,2025-11-24 12:15:30
94,5-Hydroxytryptophan,2025-11-24 12:15:30
97,Ticlopidine Hydrochloride,2025-11-24 12:15:30
99,6-Aminocaproic Acid,2025-11-24 12:15:30
103,6-Mercaptopurine,2025-11-24 12:15:30
110,Oxyquinoline,2025-11-24 12:15:30
149,Acebutolol,2025-11-24 12:15:30
154,Acenocoumarol,2025-11-24 12:15:30
155,Acepromazine,2025-11-24 12:15:30
162,Acetanilide,2025-11-24 12:15:30
167,Acetazolamide,2025-11-24 12:15:30
168,Acetic Acid,2025-11-24 12:15:30
173,Acetohexamide,2025-11-24 12:15:30
178,Acetone,2025-11-24 12:15:30
193,Acetylcarnitine,2025-11-24 12:15:30
194,Acetylcholine,2025-11-24 12:15:30
197,Acetylcysteine,2025-11-24 12:15:30
199,Acetyldigoxins,2025-11-24 12:15:30
200,Acetylene,2025-11-24 12:15:30
236,Acidulated Phosphate Fluoride,2025-11-24 12:15:30
239,Aclarubicin,2025-11-24 12:15:30
242,Aconite,2025-11-24 12:15:30
249,Acriflavine,2025-11-24 12:15:30
270,Spectinomycin,2025-11-24 12:15:30
272,Activated Charcoal,2025-11-24 12:15:30
281,Acyclovir,2025-11-24 12:15:30
290,Adenine,2025-11-24 12:15:30
292,Adenine Nucleotides,2025-11-24 12:15:30
296,Adenosine,2025-11-24 12:15:30
318,Adenosine Triphosphate,2025-11-24 12:15:30
362,Adrenaline Hydrochloride,2025-11-24 12:15:30
376,Corticotropin,2025-11-24 12:15:30
388,Polymyxin B Sulfate,2025-11-24 12:15:30
397,Agar,2025-11-24 12:15:30
411,Air,2025-11-24 12:15:30
423,Ajmaline,2025-11-24 12:15:30
426,Alanine,2025-11-24 12:15:30
430,Albendazole,2025-11-24 12:15:30
433,Albumins,2025-11-24 12:15:30
435,Albuterol,2025-11-24 12:15:30
448,Ethanol,2025-11-24 12:15:30
455,Alcohols,2025-11-24 12:15:30
460,Alcuronium,2025-11-24 12:15:30
479,Alfenta,2025-11-24 12:15:30
479,Rapifen,2025-11-24 12:15:30
480,Alfentanil,2025-11-24 12:15:30
508,Allantoin,2025-11-24 12:15:30
513,Allethrin,2025-11-24 12:15:30
519,Allopurinol,2025-11-24 12:15:30
525,Allylestrenol,2025-11-24 12:15:30
528,Almitrine,2025-11-24 12:15:30
529,Almitrine Bismesylate,2025-11-24 12:15:30
535,alpha 1-Antitrypsin,2025-11-24 12:15:30
541,Interferon-alpha,2025-11-24 12:15:30
560,ALPHA-AMYLASE,2025-11-24 12:15:30
569,Eflornithine,2025-11-24 12:15:30
594,Alphaprodine,2025-11-24 12:15:30
595,Algestone,2025-11-24 12:15:30
596,Alprazolam,2025-11-24 12:15:30
597,Alprenolol,2025-11-24 12:15:30
598,Alprostadil,2025-11-24 12:15:30
599,Alseroxylon,2025-11-24 12:15:30
611,Aluminum aspirin,2025-11-24 12:15:30
612,Aluminum Hydroxide,2025-11-24 12:15:30
613,Aluminum Hydroxide Gel,2025-11-24 12:15:30
615,Aluminum Oxide,2025-11-24 12:15:30
621,Amantadine Sulfate,2025-11-24 12:15:30
623,Ambenonium,2025-11-24 12:15:30
623,AMBENONIUM,2025-11-24 12:15:30
624,Ambenonium Chloride,2025-11-24 12:15:30
625,Ambroxol,2025-11-24 12:15:30
626,Amdinocillin,2025-11-24 12:15:30
627,Amdinocillin Pivoxil,2025-11-24 12:15:30
632,Mitomycin,2025-11-24 12:15:30
641,Amikacin,2025-11-24 12:15:30
644,Amiloride,2025-11-24 12:15:30
645,Aminacrine,2025-11-24 12:15:30
658,Amino Acids,2025-11-24 12:15:30
677,Aminoglutethimide,2025-11-24 12:15:30
683,Aminolevulinic Acid,2025-11-24 12:15:30
689,Aminophylline,2025-11-24 12:15:30
695,Aminopyrine,2025-11-24 12:15:30
7833,Aminosalicylic Acid,2025-11-24 12:15:30
703,Amiodarone,2025-11-24 12:15:30
704,Amitriptyline,2025-11-24 12:15:30
709,Ammonium,2025-11-24 12:15:30
712,Ammonium Chloride,2025-11-24 12:15:30
720,Amodiaquine,2025-11-24 12:15:30
722,Amoxapine,2025-11-24 12:15:30
723,Amoxicillin,2025-11-24 12:15:30
725,Amphetamine,2025-11-24 12:15:30
732,Amphotericin B,2025-11-24 12:15:30
733,Ampicillin,2025-11-24 12:15:30
739,Amsacrine,2025-11-24 12:15:30
742,Amyl Nitrite,2025-11-24 12:15:30
743,Amylases,2025-11-24 12:15:30
772,Ancrod,2025-11-24 12:15:30
784,Androstenedione,2025-11-24 12:15:30
820,Anethole Trithione,2025-11-24 12:15:30
865,Antazoline,2025-11-24 12:15:30
866,Antazoline Phosphate,2025-11-24 12:15:30
873,Anthralin,2025-11-24 12:15:30
938,Antifungal Agents,2025-11-24 12:15:30
973,Antilymphocyte Immunoglobulin,2025-11-24 12:15:30
981,Antimony Potassium Tartrate,2025-11-24 12:15:30
1001,Antipyrine,2025-11-24 12:15:30
1009,Antithrombin III,2025-11-24 12:15:30
1011,Antithymoglobulin,2025-11-24 12:15:30
1029,Apazone,2025-11-24 12:15:30
1043,Apomorphine,2025-11-24 12:15:30
1054,Aprindine,2025-11-24 12:15:30
1056,Aprotinin,2025-11-24 12:15:30
1091,Arginine,2025-11-24 12:15:30
1098,Argipressin,2025-11-24 12:15:30
1111,Arsenic,2025-11-24 12:15:30
1115,Trihexyphenidyl Hydrochloride,2025-11-24 12:15:30
1151,Ascorbic Acid,2025-11-24 12:15:30
1156,ASPARAGINASE,2025-11-24 12:15:30
1156,Asparaginase,2025-11-24 12:15:30
1169,Aspartic Acid,2025-11-24 12:15:30
1191,Aspirin,2025-11-24 12:15:30
1218,Atracurium,2025-11-24 12:15:30
1219,Atracurium Dibesylate,2025-11-24 12:15:30
1223,Atropine,2025-11-24 12:15:30
1225,Hyoscyamine Sulfate,2025-11-24 12:15:30
1225,"Atropine Sulfate, 3(S)-endo-Isomer",2025-11-24 12:15:30
1227,Auranofin,2025-11-24 12:15:30
1256,Azathioprine,2025-11-24 12:15:30
1291,Bacitracin,2025-11-24 12:15:30
1292,Baclofen,2025-11-24 12:15:30
1325,Barbital,2025-11-24 12:15:30
1331,Barium Sulfate,2025-11-24 12:15:30
1344,BCG Vaccine,2025-11-24 12:15:30
1347,Beclomethasone,2025-11-24 12:15:30
1359,Belladonna Alkaloids,2025-11-24 12:15:30
1361,Benactyzine,2025-11-24 12:15:30
1362,Diphenhydramine Hydrochloride,2025-11-24 12:15:30
1367,Bencyclane,2025-11-24 12:15:30
1369,Bendroflumethiazide,2025-11-24 12:15:30
1373,Benperidol,2025-11-24 12:15:30
1374,Benserazide,2025-11-24 12:15:30
1375,Bentonite,2025-11-24 12:15:30
1378,Benzalkonium,2025-11-24 12:15:30
1379,Benzalkonium Chloride,2025-11-24 12:15:30
1388,Lindane,2025-11-24 12:15:30
1390,Benzethonium,2025-11-24 12:15:30
1399,Benzocaine,2025-11-24 12:15:30
1406,Benzoin,2025-11-24 12:15:30
1418,Benzoyl Peroxide,2025-11-24 12:15:30
1422,Benzphetamine,2025-11-24 12:15:30
1424,Benztropine,2025-11-24 12:15:30
1425,Benzydamine,2025-11-24 12:15:30
1426,Benzyl Alcohol,2025-11-24 12:15:30
1436,Bepridil,2025-11-24 12:15:30
1476,beta-Escin,2025-11-24 12:15:30
1511,BETAHISTINE,2025-11-24 12:15:30
1512,Betaine,2025-11-24 12:15:30
1514,Betamethasone,2025-11-24 12:15:30
1516,Betamethasone acetate,2025-11-24 12:15:30
1517,Betamethasone benzoate,2025-11-24 12:15:30
1520,Betaxolol,2025-11-24 12:15:30
1523,Bethanidine,2025-11-24 12:15:30
1525,Bezafibrate,2025-11-24 12:15:30
1533,Bile,2025-11-24 12:15:30
1540,Bile Salts,2025-11-24 12:15:30
1552,Biloptin,2025-11-24 12:15:30
1562,Bioflavonoids,2025-11-24 12:15:30
1588,Biotin,2025-11-24 12:15:30
1589,Biperiden,2025-11-24 12:15:30
1596,Bisacodyl,2025-11-24 12:15:30
1598,Dicumarol,2025-11-24 12:15:30
1601,Bromhexine Monohydrochloride,2025-11-24 12:15:30
1601,Bromhexine Hydrochloride,2025-11-24 12:15:30
1621,Bleomycin Sulfate,2025-11-24 12:15:30
1622,Bleomycin,2025-11-24 12:15:30
1705,Boron,2025-11-24 12:15:30
1712,Botulinum Toxin Type A,2025-11-24 12:15:30
1737,Bretylium Tosylate,2025-11-24 12:15:30
1749,Bromazepam,2025-11-24 12:15:30
1752,Bromelains,2025-11-24 12:15:30
1753,Bromhexine,2025-11-24 12:15:30
1760,Bromocriptine,2025-11-24 12:15:30
1767,Brompheniramine,2025-11-24 12:15:30
1796,Bufexamac,2025-11-24 12:15:30
1808,Bumetanide,2025-11-24 12:15:30
1813,Levobunolol,2025-11-24 12:15:30
1815,Bupivacaine,2025-11-24 12:15:30
1817,Bupranolol,2025-11-24 12:15:30
1818,Temgesic,2025-11-24 12:15:30
1819,Buprenorphine,2025-11-24 12:15:30
1825,Buserelin,2025-11-24 12:15:30
1827,Buspirone,2025-11-24 12:15:30
1828,Busulfan,2025-11-24 12:15:30
1841,Butorphanol,2025-11-24 12:15:30
1848,Butylated Hydroxytoluene,2025-11-24 12:15:30
1851,Butylscopolammonium Bromide,2025-11-24 12:15:30
1851,BUTYLSCOPOLAMINE BROMIDE,2025-11-24 12:15:30
1886,Caffeine,2025-11-24 12:15:30
1889,Calcifediol,2025-11-24 12:15:30
1894,Calcitriol,2025-11-24 12:15:30
1895,Calcium,2025-11-24 12:15:30
1897,Calcium Carbonate,2025-11-24 12:15:30
1901,Calcium Chloride,2025-11-24 12:15:30
1902,Calcium Cyanamide,2025-11-24 12:15:30
1903,Edetate Disodium Calcium,2025-11-24 12:15:30
1904,Calcium Dobesilate,2025-11-24 12:15:30
1905,Calcium Fluoride,2025-11-24 12:15:30
1907,Calcium Glucarate,2025-11-24 12:15:30
1908,Calcium Gluconate,2025-11-24 12:15:30
1909,Calcium Glycerophosphate,2025-11-24 12:15:30
1910,Calcium Hydroxide,2025-11-24 12:15:30
1911,Calcium Ipodate,2025-11-24 12:15:30
1918,Calcium Pantothenate,2025-11-24 12:15:30
1925,Calcium Sulfate,2025-11-24 12:15:30
1927,Calcium Valproate,2025-11-24 12:15:30
1951,Cambendazole,2025-11-24 12:15:30
1952,Camphor,2025-11-24 12:15:30
1981,Canrenoate Potassium,2025-11-24 12:15:30
1984,Cantharidin,2025-11-24 12:15:30
1987,Capreomycin Sulfate,2025-11-24 12:15:30
1992,Capsaicin,2025-11-24 12:15:30
1998,Captopril,2025-11-24 12:15:30
1999,Carbachol,2025-11-24 12:15:30
2002,Carbamazepine,2025-11-24 12:15:30
2015,Carbenicillin,2025-11-24 12:15:30
2017,Carbenoxolone,2025-11-24 12:15:30
2018,Glycyrrhetinic Acid 3-O-hemisuccinate,2025-11-24 12:15:30
2018,Carbenoxolone Sodium,2025-11-24 12:15:30
2019,Carbidopa,2025-11-24 12:15:30
2020,Carbimazole,2025-11-24 12:15:30
2023,Carbocysteine,2025-11-24 12:15:30
2034,Carbon Dioxide,2025-11-24 12:15:30
2037,Carbon Monoxide,2025-11-24 12:15:30
2051,Carboprost,2025-11-24 12:15:30
2062,Carboxymethylcellulose,2025-11-24 12:15:30
2062,Carboxymethylcellulose Sodium,2025-11-24 12:15:30
2062,Carmellose sodium,2025-11-24 12:15:30
2062,CARBOXYMETHYL CELLULOSE SODIUM,2025-11-24 12:15:30
2068,Carbutamide,2025-11-24 12:15:30
2101,Carisoprodol,2025-11-24 12:15:30
2105,Carmustine,2025-11-24 12:15:30
2106,Carnitine,2025-11-24 12:15:30
2116,Carteolol,2025-11-24 12:15:30
2117,articaine hydrochloride,2025-11-24 12:15:30
2117,Carticaine,2025-11-24 12:15:30
2117,Articaine hydrochloride (product),2025-11-24 12:15:30
2129,Castor Oil,2025-11-24 12:15:30
2133,CATALASE,2025-11-24 12:15:30
2176,Cefaclor,2025-11-24 12:15:30
2177,Cefadroxil,2025-11-24 12:15:30
2178,Cefamandole,2025-11-24 12:15:30
2179,Cefatrizine,2025-11-24 12:15:30
2180,Cefazolin,2025-11-24 12:15:30
2182,Cefmetazole,2025-11-24 12:15:30
2183,Cefonicid,2025-11-24 12:15:30
2184,Cefoperazone,2025-11-24 12:15:30
2185,Ceftotan,2025-11-24 12:15:30
2186,Cefotaxime,2025-11-24 12:15:30
2187,Cefotetan,2025-11-24 12:15:30
2188,Cefotiam,2025-11-24 12:15:30
2189,Cefoxitin,2025-11-24 12:15:30
2190,Cefsulodin,2025-11-24 12:15:30
2191,Ceftazidime,2025-11-24 12:15:30
2192,Ceftizoxime,2025-11-24 12:15:30
2193,Ceftriaxone,2025-11-24 12:15:30
2194,Cefuroxime,2025-11-24 12:15:30
2219,CELLULASE,2025-11-24 12:15:30
2219,Cellulase,2025-11-24 12:15:30
2221,Cellulose,2025-11-24 12:15:30
2222,"Cellulose, Oxidized",2025-11-24 12:15:30
2228,Meclofenoxate,2025-11-24 12:15:30
2231,Cephalexin,2025-11-24 12:15:30
2233,Cephaloridine,2025-11-24 12:15:30
2236,Cephalothin,2025-11-24 12:15:30
2238,Cephapirin,2025-11-24 12:15:30
2239,Cephradine,2025-11-24 12:15:30
2243,Ceramides,2025-11-24 12:15:30
2284,Cetrimides,2025-11-24 12:15:30
2286,Cetylpyridinium,2025-11-24 12:15:30
2287,Cetylpyridinium Chloride,2025-11-24 12:15:30
2296,Charcoal,2025-11-24 12:15:30
2323,Chenodeoxycholic Acid,2025-11-24 12:15:30
2344,Chloral Hydrate,2025-11-24 12:15:30
2346,Chlorambucil,2025-11-24 12:15:30
2348,Chloramphenicol,2025-11-24 12:15:30
2356,Chlordiazepoxide,2025-11-24 12:15:30
2358,Chlorhexidine,2025-11-24 12:15:30
2359,Chlorhexidine Acetate,2025-11-24 12:15:30
2361,Chlorhexidine Hydrochloride,2025-11-24 12:15:30
2369,Chlormadinone Acetate,2025-11-24 12:15:30
2372,Chlormethiazole,2025-11-24 12:15:30
2373,Chlormezanone,2025-11-24 12:15:30
2378,Chlorobutanol,2025-11-24 12:15:30
2382,Chloroguanide,2025-11-24 12:15:30
2388,Chlorophyll,2025-11-24 12:15:30
2393,Chloroquine,2025-11-24 12:15:30
2396,Chlorothiazide,2025-11-24 12:15:30
2397,Chlorotrianisene,2025-11-24 12:15:30
2399,Chlorphenesin,2025-11-24 12:15:30
2400,Chlorpheniramine,2025-11-24 12:15:30
2401,Piriton,2025-11-24 12:15:30
2403,Chlorpromazine,2025-11-24 12:15:30
2404,Chlorpropamide,2025-11-24 12:15:30
2406,Chlorprothixene,2025-11-24 12:15:30
2407,Chlorquinaldol,2025-11-24 12:15:30
2408,Chlortetracycline,2025-11-24 12:15:30
2409,Chlorthalidone,2025-11-24 12:15:30
2418,Cholecalciferol,2025-11-24 12:15:30
2420,Cholecystokinin,2025-11-24 12:15:30
2427,CHOLERA VACCINE,2025-11-24 12:15:30
2438,Cholesterol,2025-11-24 12:15:30
2447,Cholestyramine,2025-11-24 12:15:30
2449,Choline,2025-11-24 12:15:30
2451,Choline Bitartrate,2025-11-24 12:15:30
2453,Choline Citrate,2025-11-24 12:15:30
2473,Chondroitin,2025-11-24 12:15:30
2473,Chondroitin Sulfates,2025-11-24 12:15:30
2496,Chromium,2025-11-24 12:15:30
2508,Chromonar,2025-11-24 12:15:30
2525,Chymopapain,2025-11-24 12:15:30
2530,CHYMOTRYPSIN,2025-11-24 12:15:30
2530,Chymotrypsin,2025-11-24 12:15:30
2541,Cimetidine,2025-11-24 12:15:30
2549,Cinnarizine,2025-11-24 12:15:30
2550,Cinoxacin,2025-11-24 12:15:30
2551,Ciprofloxacin,2025-11-24 12:15:30
2555,Cisplatin,2025-11-24 12:15:30
2556,Citalopram,2025-11-24 12:15:30
2557,Prilocaine Hydrochloride,2025-11-24 12:15:30
2567,Citrulline,2025-11-24 12:15:30
2578,Clemastine,2025-11-24 12:15:30
2580,Clenbuterol,2025-11-24 12:15:30
2582,Clindamycin,2025-11-24 12:15:30
2590,Clobetasol,2025-11-24 12:15:30
2592,Clofazimine,2025-11-24 12:15:30
2594,Clofibrate,2025-11-24 12:15:30
2597,Clomipramine,2025-11-24 12:15:30
2598,Clonazepam,2025-11-24 12:15:30
2599,Clonidine,2025-11-24 12:15:30
2601,Clonixin,2025-11-24 12:15:30
2606,Cloprostenol,2025-11-24 12:15:30
2607,Clorazepate Dipotassium,2025-11-24 12:15:30
2623,Clotrimazole,2025-11-24 12:15:30
2625,Cloxacillin,2025-11-24 12:15:30
2626,Clozapine,2025-11-24 12:15:30
2635,Coal Tar,2025-11-24 12:15:30
2653,Cocaine,2025-11-24 12:15:30
2660,Coccidioidin,2025-11-24 12:15:30
2669,Cod Liver Oil,2025-11-24 12:15:30
2670,Codeine,2025-11-24 12:15:30
2672,Codeine Phosphate,2025-11-24 12:15:30
2683,Colchicine,2025-11-24 12:15:30
2685,Colestipol,2025-11-24 12:15:30
2709,Colistin,2025-11-24 12:15:30
2710,Colistin Sulfate,2025-11-24 12:15:30
2714,Collagen,2025-11-24 12:15:30
2837,Copper,2025-11-24 12:15:30
2839,Copper Gluconate,2025-11-24 12:15:30
2858,Cornstarch,2025-11-24 12:15:30
2878,Cortisone,2025-11-24 12:15:30
2890,Cosyntropin,2025-11-24 12:15:30
2907,Creatine,2025-11-24 12:15:30
2915,Creosote,2025-11-24 12:15:30
2921,Cromoglycate,2025-11-24 12:15:30
2968,Cyclacillin,2025-11-24 12:15:30
2969,Cyclamates,2025-11-24 12:15:30
2970,Cyclandelate,2025-11-24 12:15:30
2977,Cyclizine,2025-11-24 12:15:30
2983,Cyclofenil,2025-11-24 12:15:30
3000,Cyclopenthiazide,2025-11-24 12:15:30
3001,Cyclopentolate,2025-11-24 12:15:30
3002,Cyclophosphamide,2025-11-24 12:15:30
3007,Cycloserine,2025-11-24 12:15:30
3013,Cyproheptadine,2025-11-24 12:15:30
3014,Cyproterone,2025-11-24 12:15:30
3024,Cysteine,2025-11-24 12:15:30
3041,Cytarabine,2025-11-24 12:15:30
3046,Cytidine Diphosphate Choline,2025-11-24 12:15:30
3098,Dacarbazine,2025-11-24 12:15:30
3100,Dactinomycin,2025-11-24 12:15:30
3102,Danazol,2025-11-24 12:15:30
3105,Dantrolene,2025-11-24 12:15:30
3106,Dantrolene Sodium,2025-11-24 12:15:30
3108,Dapsone,2025-11-24 12:15:30
3109,Daunorubicin,2025-11-24 12:15:30
3118,Debrisoquin,2025-11-24 12:15:30
3120,Dequalinium Dichloride,2025-11-24 12:15:30
3120,Dequalinium Chloride,2025-11-24 12:15:30
3131,Deferoxamine,2025-11-24 12:15:30
3132,Desferrioxamine B Mesylate,2025-11-24 12:15:30
3141,Dehydrocholic Acid,2025-11-24 12:15:30
3154,Demeclocycline,2025-11-24 12:15:30
3155,Nordazepam,2025-11-24 12:15:30
3194,Deoxycholic Acid,2025-11-24 12:15:30
3210,Deoxyribonucleases,2025-11-24 12:15:30
3226,Dequalinium,2025-11-24 12:15:30
3247,Desipramine,2025-11-24 12:15:30
3248,Deslanoside,2025-11-24 12:15:30
3254,Desonide,2025-11-24 12:15:30
3255,Desoximetasone,2025-11-24 12:15:30
3256,Deoxycorticosterone,2025-11-24 12:15:30
3264,Dexamethasone,2025-11-24 12:15:30
3265,Dexamethasone Isonicotinate,2025-11-24 12:15:30
3266,Phenylpropanolamine Hydrochloride,2025-11-24 12:15:30
3267,Dexetimide,2025-11-24 12:15:30
3268,Dexfenfluramine,2025-11-24 12:15:30
3272,Dextran 40,2025-11-24 12:15:30
3275,Dextran 75,2025-11-24 12:15:30
3287,Dextro-Amphetamine Sulfate,2025-11-24 12:15:30
3287,Dextroamphetamine Sulfate,2025-11-24 12:15:30
3288,Dextroamphetamine,2025-11-24 12:15:30
3289,Dextromethorphan,2025-11-24 12:15:30
3290,Dextromoramide,2025-11-24 12:15:30
3292,Dextrothyroxine,2025-11-24 12:15:30
3304,Heroin,2025-11-24 12:15:30
3310,Dialysis Solutions,2025-11-24 12:15:30
3319,Diatrizoate,2025-11-24 12:15:30
3320,Diatrizoate Meglumine,2025-11-24 12:15:30
3322,Diazepam,2025-11-24 12:15:30
3327,Diazoxide,2025-11-24 12:15:30
3328,Dibekacin,2025-11-24 12:15:30
3339,Dibucaine,2025-11-24 12:15:30
3350,Clodronic Acid,2025-11-24 12:15:30
3353,Dichlorphenamide,2025-11-24 12:15:30
3355,Diclofenac,2025-11-24 12:15:30
3356,Dicloxacillin,2025-11-24 12:15:30
3363,Zalcitabine,2025-11-24 12:15:30
3364,Didanosine,2025-11-24 12:15:30
3368,Dienestrol,2025-11-24 12:15:30
3384,Diethylcarbamazine,2025-11-24 12:15:30
3389,Diethylpropion,2025-11-24 12:15:30
3390,Diethylstilbestrol,2025-11-24 12:15:30
3392,Diflucortolone,2025-11-24 12:15:30
3393,Diflunisal,2025-11-24 12:15:30
3403,Digitoxin,2025-11-24 12:15:30
3407,Digoxin,2025-11-24 12:15:30
3409,Dihydralazine,2025-11-24 12:15:30
3415,Dihydroergocornine,2025-11-24 12:15:30
3416,Dihydroergocristine,2025-11-24 12:15:30
3417,Dihydroergocryptine,2025-11-24 12:15:30
3418,Dihydroergotamine,2025-11-24 12:15:30
3419,Dihydroergotoxine,2025-11-24 12:15:30
3423,Hydromorphone,2025-11-24 12:15:30
3430,Dihydroxyacetone,2025-11-24 12:15:30
3435,Iodoquinol,2025-11-24 12:15:30
3443,Diltiazem,2025-11-24 12:15:30
3444,Dimenhydrinate,2025-11-24 12:15:30
3445,Dimercaprol,2025-11-24 12:15:30
3446,Succimer,2025-11-24 12:15:30
3447,Dimetapp Allergy,2025-11-24 12:15:30
3449,Dimethindene,2025-11-24 12:15:30
3455,Dimethyl Sulfoxide,2025-11-24 12:15:30
3477,Dinoprost,2025-11-24 12:15:30
3478,Dinoprostone,2025-11-24 12:15:30
3486,Dioctyl Sulfosuccinic Acid,2025-11-24 12:15:30
3489,Diosmin,2025-11-24 12:15:30
3498,Diphenhydramine,2025-11-24 12:15:30
3500,Diphenoxylate,2025-11-24 12:15:30
3510,Diphtheria Antitoxin,2025-11-24 12:15:30
3512,Diphtheria Toxoid,2025-11-24 12:15:30
3521,Dipyridamole,2025-11-24 12:15:30
3523,Dipyrone,2025-11-24 12:15:30
3538,Cromolyn Sodium,2025-11-24 12:15:30
3539,"Edetic Acid, Disodium Salt",2025-11-24 12:15:30
3539,Disodium Ethylene Dinitrilotetraacetate,2025-11-24 12:15:30
3541,Disopyramide,2025-11-24 12:15:30
3554,Disulfiram,2025-11-24 12:15:30
3565,Suxamethonium Chloride,2025-11-24 12:15:30
3616,Dobutamine,2025-11-24 12:15:30
3617,Dobutrex,2025-11-24 12:15:30
144450,Docosahexaenoic Acids,2025-11-24 12:15:30
3626,Domperidone,2025-11-24 12:15:30
3628,Dopamine,2025-11-24 12:15:30
3634,Dothiepin,2025-11-24 12:15:30
3637,Doxapram,2025-11-24 12:15:30
3638,Doxepin,2025-11-24 12:15:30
3639,Doxorubicin,2025-11-24 12:15:30
3640,Doxycycline,2025-11-24 12:15:30
3642,Doxylamine,2025-11-24 12:15:30
3648,Droperidol,2025-11-24 12:15:30
3690,Pentetic Acid,2025-11-24 12:15:30
3706,Dydrogesterone,2025-11-24 12:15:30
3714,Dyphylline,2025-11-24 12:15:30
3740,Echothiophate Iodide,2025-11-24 12:15:30
3743,Econazole,2025-11-24 12:15:30
3752,Edrophonium,2025-11-24 12:15:30
3754,Edrophonium Chloride,2025-11-24 12:15:30
3755,Edetic Acid,2025-11-24 12:15:30
3757,Eel Calcitonin,2025-11-24 12:15:30
3816,Emepronium,2025-11-24 12:15:30
3820,Emetine,2025-11-24 12:15:30
3827,Enalapril,2025-11-24 12:15:30
3829,Enalaprilat,2025-11-24 12:15:30
3920,Enflurane,2025-11-24 12:15:30
3925,Enoxacin,2025-11-24 12:15:30
3966,Ephedrine,2025-11-24 12:15:30
3992,Epinephrine,2025-11-24 12:15:30
3995,Epirubicin,2025-11-24 12:15:30
4018,Vitamin D2,2025-11-24 12:15:30
4021,Ergonovine,2025-11-24 12:15:30
4023,Ergot Alkaloids,2025-11-24 12:15:30
4024,Ergoloid Mesylates,2025-11-24 12:15:30
4025,Ergotamine,2025-11-24 12:15:30
4040,Erythrityl Tetranitrate,2025-11-24 12:15:30
4053,Erythromycin,2025-11-24 12:15:30
4055,Erythromycin Estolate,2025-11-24 12:15:30
4056,Erythromycin Ethylsuccinate,2025-11-24 12:15:30
4061,Erythrosine,2025-11-24 12:15:30
4065,Escin,2025-11-24 12:15:30
4077,Estazolam,2025-11-24 12:15:30
4083,Estradiol,2025-11-24 12:15:30
4089,Estramustine,2025-11-24 12:15:30
4094,Estriol,2025-11-24 12:15:30
4099,"Estrogens, Conjugated (USP)",2025-11-24 12:15:30
4100,Estrogens,2025-11-24 12:15:30
4103,Estrone,2025-11-24 12:15:30
4106,Ethacridine,2025-11-24 12:15:30
4107,Ethacridine Lactate,2025-11-24 12:15:30
4108,"Ethacrynic Acid, Sodium Salt",2025-11-24 12:15:30
4109,Ethacrynic Acid,2025-11-24 12:15:30
4110,Ethambutol,2025-11-24 12:15:30
4112,Ethamsylate,2025-11-24 12:15:30
4124,Ethinyl Estradiol,2025-11-24 12:15:30
4125,Ethiodized Oil,2025-11-24 12:15:30
4126,Amifostine,2025-11-24 12:15:30
4127,Ethionamide,2025-11-24 12:15:30
4129,Ethisterone,2025-11-24 12:15:30
4132,Ethoglucid,2025-11-24 12:15:30
4134,ethopropazine,2025-11-24 12:15:30
4135,Ethosuximide,2025-11-24 12:15:30
4136,Ethotoin,2025-11-24 12:15:30
4141,Ethyl Chloride,2025-11-24 12:15:30
4158,ethylenediamine,2025-11-24 12:15:30
4162,Ethylestrenol,2025-11-24 12:15:30
4166,Ethylmorphine,2025-11-24 12:15:30
4169,Etilefrine,2025-11-24 12:15:30
4170,Ethynodiol Diacetate,2025-11-24 12:15:30
4171,Etidocaine,2025-11-24 12:15:30
4177,Etomidate,2025-11-24 12:15:30
4179,Etoposide,2025-11-24 12:15:30
4182,Etretinate,2025-11-24 12:15:30
4186,Eugenol,2025-11-24 12:15:30
4191,Evans blue stain,2025-11-24 12:15:30
4249,Factor IX,2025-11-24 12:15:30
4256,Factor VIIa,2025-11-24 12:15:30
4257,Factor VIII,2025-11-24 12:15:30
4271,Factor XIII,2025-11-24 12:15:30
4278,Famotidine,2025-11-24 12:15:30
4301,"Fatty Acids, Omega-3",2025-11-24 12:15:30
4316,Felodipine,2025-11-24 12:15:30
4319,Felypressin,2025-11-24 12:15:30
4324,Fenazoxine,2025-11-24 12:15:30
4327,Fendiline,2025-11-24 12:15:30
4328,Fenfluramine,2025-11-24 12:15:30
4333,Fenoterol,2025-11-24 12:15:30
4337,Fentanyl,2025-11-24 12:15:30
4356,Ferrous Ascorbate,2025-11-24 12:15:30
4381,Interferon-beta,2025-11-24 12:15:30
4388,Plasmin,2025-11-24 12:15:30
4419,Fish Oils,2025-11-24 12:15:30
4440,Flavoxate,2025-11-24 12:15:30
4441,Flecainide,2025-11-24 12:15:30
4448,Floxacillin,2025-11-24 12:15:30
4451,Flucytosine,2025-11-24 12:15:30
4452,Fludrocortisone,2025-11-24 12:15:30
4453,Flufenamic Acid,2025-11-24 12:15:30
4457,Flumazenil,2025-11-24 12:15:30
4459,Flunarizine,2025-11-24 12:15:30
4460,Flunitrazepam,2025-11-24 12:15:30
4461,Fluocinolone Acetonide,2025-11-24 12:15:30
4462,Fluocinonide,2025-11-24 12:15:30
4463,Fluocortolone,2025-11-24 12:15:30
4464,Fluocortolone Caproate,2025-11-24 12:15:30
4465,Fluocortolone Pivalate,2025-11-24 12:15:30
4477,Fluorides,2025-11-24 12:15:30
4488,Floxuridine,2025-11-24 12:15:30
4491,Fluorometholone,2025-11-24 12:15:30
4492,Fluorouracil,2025-11-24 12:15:30
4493,Fluoxetine,2025-11-24 12:15:30
4494,Fluoxymesterone,2025-11-24 12:15:30
4495,Flupenthixol,2025-11-24 12:15:30
4496,Fluphenazine,2025-11-24 12:15:30
4497,Fluprednisolone,2025-11-24 12:15:30
4500,Flurandrenolone,2025-11-24 12:15:30
4501,Flurazepam,2025-11-24 12:15:30
4502,Flurbiprofen,2025-11-24 12:15:30
4507,Fluspirilene,2025-11-24 12:15:30
4509,Flavin Mononucleotide,2025-11-24 12:15:30
4511,Folic Acid,2025-11-24 12:15:30
4530,Formaldehyde,2025-11-24 12:15:30
4550,Fosfomycin,2025-11-24 12:15:30
4556,Framycetin,2025-11-24 12:15:30
4570,Fructose,2025-11-24 12:15:30
4582,Tegafur,2025-11-24 12:15:30
4603,Furosemide,2025-11-24 12:15:30
4604,Fursultiamin,2025-11-24 12:15:30
4608,Fusidic Acid,2025-11-24 12:15:30
4616,Genticin,2025-11-24 12:15:30
4617,gamma-Aminobutyric Acid,2025-11-24 12:15:30
4626,Galactose,2025-11-24 12:15:30
4637,Galantamine,2025-11-24 12:15:30
4638,Gallamine,2025-11-24 12:15:30
4639,Gallamine Triethiodide,2025-11-24 12:15:30
4648,Gallopamil,2025-11-24 12:15:30
4678,Ganciclovir,2025-11-24 12:15:30
4698,Gastric Mucin,2025-11-24 12:15:30
4716,Gelatin,2025-11-24 12:15:30
4718,Jelly,2025-11-24 12:15:30
4719,Gemfibrozil,2025-11-24 12:15:30
142438,Gentamicins,2025-11-24 12:15:30
4778,Gentian Violet,2025-11-24 12:15:30
4780,Oxytetracycline Hydrochloride,2025-11-24 12:15:30
4784,Germanium,2025-11-24 12:15:30
4791,Gestonorone Caproate,2025-11-24 12:15:30
4792,Gestrinone,2025-11-24 12:15:30
4793,Gestronol,2025-11-24 12:15:30
4816,Gliclazide,2025-11-24 12:15:30
4821,Glipizide,2025-11-24 12:15:30
4832,Glucagon,2025-11-24 12:15:30
4845,Glucosamine,2025-11-24 12:15:30
4847,Glucosamine Sulfate,2025-11-24 12:15:30
4850,Glucose,2025-11-24 12:15:30
4885,Glutamine,2025-11-24 12:15:30
4888,Glutaral,2025-11-24 12:15:30
4890,Glutathione,2025-11-24 12:15:30
4910,Glycerol,2025-11-24 12:15:30
4917,Nitroglycerin,2025-11-24 12:15:30
4918,Glycerylphosphorylcholine,2025-11-24 12:15:30
4919,Glycine,2025-11-24 12:15:30
4955,Glycopyrrolate,2025-11-24 12:15:30
4967,Glyoxal,2025-11-24 12:15:30
4980,Aurothioglucose,2025-11-24 12:15:30
4981,Gold Sodium Thiomalate,2025-11-24 12:15:30
4986,Chorionic Gonadotropin,2025-11-24 12:15:30
5007,Linear Gramicidin,2025-11-24 12:15:30
5011,Gramicidin,2025-11-24 12:15:30
5021,Griseofulvin,2025-11-24 12:15:30
5031,Guaiacol,2025-11-24 12:15:30
5032,Guaifenesin,2025-11-24 12:15:30
5033,Guanabenz,2025-11-24 12:15:30
5036,Guanethidine,2025-11-24 12:15:30
5084,Halcinonide,2025-11-24 12:15:30
5093,Haloperidol,2025-11-24 12:15:30
5095,Halothane,2025-11-24 12:15:30
5140,Helium,2025-11-24 12:15:30
5164,Hematoporphyrin,2025-11-24 12:15:30
5175,Hemin,2025-11-24 12:15:30
5224,Heparin,2025-11-24 12:15:30
5228,Heparinoids,2025-11-24 12:15:30
26746,Hepatitis B Surface Antigens,2025-11-24 12:15:30
5254,Heptaminol,2025-11-24 12:15:30
5281,Hesperidin,2025-11-24 12:15:30
5293,Hexachlorophene,2025-11-24 12:15:30
5296,Altretamine,2025-11-24 12:15:30
5301,Hexetidine,2025-11-24 12:15:30
5302,Hexobarbital,2025-11-24 12:15:30
5303,Hexobendine,2025-11-24 12:15:30
5307,Hexoprenaline,2025-11-24 12:15:30
5321,Hexylresorcinol,2025-11-24 12:15:30
5333,Histamine,2025-11-24 12:15:30
5340,Histidine,2025-11-24 12:15:30
5363,Histoplasmin,2025-11-24 12:15:30
5463,Hyaluronic Acid,2025-11-24 12:15:30
5464,Hyaluronidase,2025-11-24 12:15:30
5470,Hydralazine,2025-11-24 12:15:30
5486,Hydrochloric Acid,2025-11-24 12:15:30
5487,Hydrochlorothiazide,2025-11-24 12:15:30
5489,Hydrocodone,2025-11-24 12:15:30
5492,Hydrocortisone,2025-11-24 12:15:30
5495,Hydroflumethiazide,2025-11-24 12:15:30
5496,Hydrofluoric Acid,2025-11-24 12:15:30
5497,Hydrogen,2025-11-24 12:15:30
5499,Hydrogen Peroxide,2025-11-24 12:15:30
5521,Hydroxychloroquine,2025-11-24 12:15:30
5530,Hydroxyestrones,2025-11-24 12:15:30
5531,Hetastarch,2025-11-24 12:15:30
5542,Hydroxyprogesterones,2025-11-24 12:15:30
5552,Hydroxyurea,2025-11-24 12:15:30
5553,Hydroxyzine,2025-11-24 12:15:30
5556,Hymecromone,2025-11-24 12:15:30
5640,Ibuprofen,2025-11-24 12:15:30
5650,Idarubicin,2025-11-24 12:15:30
5653,Idoxuridine,2025-11-24 12:15:30
5657,Ifosfamide,2025-11-24 12:15:30
5666,Immunoglobulin G,2025-11-24 12:15:30
5690,Imipenem,2025-11-24 12:15:30
5720,Immunoglobulins,2025-11-24 12:15:30
5764,Indapamide,2025-11-24 12:15:30
5771,Indigotindisulfonate Sodium,2025-11-24 12:15:30
5781,Indomethacin,2025-11-24 12:15:30
5784,Indoramin,2025-11-24 12:15:30
5806,Influenza virus vaccine,2025-11-24 12:15:30
5806,INFLUENZA VIRUS VACCINE,2025-11-24 12:15:30
5832,Inosinic Acid,2025-11-24 12:15:30
5833,Inositol,2025-11-24 12:15:30
5856,Insulin,2025-11-24 12:15:30
5879,Interferon Alfa-2a,2025-11-24 12:15:30
5880,Interferon Alfa-2b,2025-11-24 12:15:30
5882,Interferon gamma-1b,2025-11-24 12:15:30
5885,Interferon Type II,2025-11-24 12:15:30
5886,Interferons,2025-11-24 12:15:30
5920,Intrinsic factor,2025-11-24 12:15:30
5924,Inulin,2025-11-24 12:15:30
5928,Iodamide,2025-11-24 12:15:30
5933,Iodine,2025-11-24 12:15:30
5936,Iodipamide,2025-11-24 12:15:30
5942,Clioquinol,2025-11-24 12:15:30
5956,Iohexol,2025-11-24 12:15:30
5961,Ionamine,2025-11-24 12:15:30
5966,Iopamidol,2025-11-24 12:15:30
5967,Iopanoic Acid,2025-11-24 12:15:30
5968,Iophendylate,2025-11-24 12:15:30
5970,Iothalamate,2025-11-24 12:15:30
5971,Iothalamate Meglumine,2025-11-24 12:15:30
5973,Ioxaglate,2025-11-24 12:15:30
5975,Ipecac,2025-11-24 12:15:30
5976,Ipodate,2025-11-24 12:15:30
5979,Iprindole,2025-11-24 12:15:30
5981,Iproniazid,2025-11-24 12:15:30
5992,Iron-Dextran Complex,2025-11-24 12:15:30
6011,Isocarboxazid,2025-11-24 12:15:30
6023,Isoetharine,2025-11-24 12:15:30
6024,Isoetharine Mesylate,2025-11-24 12:15:30
6026,Isoflurane,2025-11-24 12:15:30
6027,Isoflurophate,2025-11-24 12:15:30
6033,Isoleucine,2025-11-24 12:15:30
6038,Isoniazid,2025-11-24 12:15:30
6048,Inosine Pranobex,2025-11-24 12:15:30
6052,Isopropanol,2025-11-24 12:15:30
6054,Isoproterenol,2025-11-24 12:15:30
6057,Isosorbide,2025-11-24 12:15:30
6058,Isosorbide Dinitrate,2025-11-24 12:15:30
6064,Isotretinoin,2025-11-24 12:15:30
6066,Isoxsuprine,2025-11-24 12:15:30
6069,Ivermectin,2025-11-24 12:15:30
6084,Josamycin,2025-11-24 12:15:30
6085,Juniper extract,2025-11-24 12:15:30
6095,Kininogenase,2025-11-24 12:15:30
6099,Kanamycin,2025-11-24 12:15:30
6102,Kaolin,2025-11-24 12:15:30
6130,Ketamine,2025-11-24 12:15:30
6131,Ketanserin,2025-11-24 12:15:30
6135,Ketoconazole,2025-11-24 12:15:30
6142,Ketoprofen,2025-11-24 12:15:30
6146,Ketotifen,2025-11-24 12:15:30
6147,Khellin,2025-11-24 12:15:30
6185,Labetalol,2025-11-24 12:15:30
6204,Lactobacillus,2025-11-24 12:15:30
6218,Lactulose,2025-11-24 12:15:30
6227,Lanolin,2025-11-24 12:15:30
6232,Propiomazine hydrochloride,2025-11-24 12:15:30
6260,Lead,2025-11-24 12:15:30
6294,Lofepramine Hydrochloride,2025-11-24 12:15:30
6308,Leucine,2025-11-24 12:15:30
6313,Leucovorin,2025-11-24 12:15:30
6370,Levallorphan,2025-11-24 12:15:30
6371,Levamisole,2025-11-24 12:15:30
6373,Levonorgestrel,2025-11-24 12:15:30
6375,Levodopa,2025-11-24 12:15:30
6377,Levopropoxyphene,2025-11-24 12:15:30
6378,Levorphanol,2025-11-24 12:15:30
6383,Luteinizing Hormone,2025-11-24 12:15:30
6384,Gonadorelin,2025-11-24 12:15:30
6387,Lidocaine,2025-11-24 12:15:30
6390,Lidoflazine,2025-11-24 12:15:30
6398,Lincomycin,2025-11-24 12:15:30
6400,Linoleic Acid,2025-11-24 12:15:30
6406,Lipase,2025-11-24 12:15:30
6417,Thioctic Acid,2025-11-24 12:15:30
6436,Lipotropic Agents,2025-11-24 12:15:30
6446,Lisuride,2025-11-24 12:15:30
6459,Liver Extract,2025-11-24 12:15:30
6464,Lobeline,2025-11-24 12:15:30
6465,Lofepramine,2025-11-24 12:15:30
6466,Lomustine,2025-11-24 12:15:30
6468,Loperamide,2025-11-24 12:15:30
6472,Lovastatin,2025-11-24 12:15:30
6475,Loxapine,2025-11-24 12:15:30
6476,Loxapinsuccinate,2025-11-24 12:15:30
6513,Lymecycline,2025-11-24 12:15:30
6529,Lynestrenol,2025-11-24 12:15:30
6531,Lypressin,2025-11-24 12:15:30
6536,Lysine,2025-11-24 12:15:30
6537,Lysine Acetate,2025-11-24 12:15:30
6538,Lysine Hydrochloride,2025-11-24 12:15:30
6541,Ethopropazine hydrochloride,2025-11-24 12:15:30
6553,Lysuride Hydrogen Maleate,2025-11-24 12:15:30
6572,Mafenide,2025-11-24 12:15:30
6573,Mafenide Acetate,2025-11-24 12:15:30
6574,Magnesium,2025-11-24 12:15:30
6579,Magnesium Chloride,2025-11-24 12:15:30
6581,Magnesium Hydroxide,2025-11-24 12:15:30
6582,Magnesium Oxide,2025-11-24 12:15:30
6585,Magnesium Sulfate,2025-11-24 12:15:30
6606,Malathion,2025-11-24 12:15:30
6623,Manganese,2025-11-24 12:15:30
6628,Mannitol,2025-11-24 12:15:30
6664,Mazindol,2025-11-24 12:15:30
6669,Measles Vaccine,2025-11-24 12:15:30
6672,Mebendazole,2025-11-24 12:15:30
6673,Mecamylamine,2025-11-24 12:15:30
6674,Mechlorethamine,2025-11-24 12:15:30
6676,Meclizine,2025-11-24 12:15:30
6677,Sodium Meclofenamate,2025-11-24 12:15:30
6678,Meclofenamic Acid,2025-11-24 12:15:30
6680,Medazepam,2025-11-24 12:15:30
6686,Medigoxin,2025-11-24 12:15:30
6690,Medrogestone,2025-11-24 12:15:30
6691,Medroxyprogesterone,2025-11-24 12:15:30
6693,Mefenamic Acid,2025-11-24 12:15:30
6694,Mefloquine,2025-11-24 12:15:30
6696,Mefruside,2025-11-24 12:15:30
6703,Megestrol,2025-11-24 12:15:30
6704,Meglumine,2025-11-24 12:15:30
6711,Melatonin,2025-11-24 12:15:30
6718,Melphalan,2025-11-24 12:15:30
6719,Memantine,2025-11-24 12:15:30
6728,Vitamin K 3,2025-11-24 12:15:30
6745,Menotropins,2025-11-24 12:15:30
6750,Menthol,2025-11-24 12:15:30
6754,Meperidine,2025-11-24 12:15:30
6755,Mephenesin,2025-11-24 12:15:30
6756,Mephentermine,2025-11-24 12:15:30
6757,Mephenytoin,2025-11-24 12:15:30
6758,Mephobarbital,2025-11-24 12:15:30
6760,Meprobamate,2025-11-24 12:15:30
6761,Meptazinol,2025-11-24 12:15:30
6762,Merbromin,2025-11-24 12:15:30
6769,Mercury,2025-11-24 12:15:30
6774,Mersalyl,2025-11-24 12:15:30
6779,Mesoridazine,2025-11-24 12:15:30
6781,Mesterolone,2025-11-24 12:15:30
6782,Mestranol,2025-11-24 12:15:30
6804,Metaproterenol Sulfate,2025-11-24 12:15:30
6805,Metaraminol,2025-11-24 12:15:30
6806,Metaraminol Bitartrate,2025-11-24 12:15:30
6809,Metformin,2025-11-24 12:15:30
6812,Methacycline,2025-11-24 12:15:30
6813,Methadone,2025-11-24 12:15:30
6814,Methadyl Acetate,2025-11-24 12:15:30
6816,Methamphetamine,2025-11-24 12:15:30
6817,Methandriol,2025-11-24 12:15:30
6818,Methandrostenolone,2025-11-24 12:15:30
6822,Methapyrilene,2025-11-24 12:15:30
6823,Methaqualone,2025-11-24 12:15:30
6826,Methazolamide,2025-11-24 12:15:30
6832,Methenamine,2025-11-24 12:15:30
6833,Methenolone,2025-11-24 12:15:30
6834,Metergoline,2025-11-24 12:15:30
6835,Methimazole,2025-11-24 12:15:30
6837,Methionine,2025-11-24 12:15:30
6845,Methocarbamol,2025-11-24 12:15:30
6851,Methotrexate,2025-11-24 12:15:30
6852,Methotrimeprazine,2025-11-24 12:15:30
6853,Methoxamine,2025-11-24 12:15:30
6854,Methoxsalen,2025-11-24 12:15:30
6857,Methoxyflurane,2025-11-24 12:15:30
6860,Methyclothiazide,2025-11-24 12:15:30
6873,Methylcellulose,2025-11-24 12:15:30
6876,Methyldopa,2025-11-24 12:15:30
6877,Methyldopate,2025-11-24 12:15:30
6878,Methylene blue,2025-11-24 12:15:30
6901,Methylphenidate,2025-11-24 12:15:30
6902,Methylprednisolone,2025-11-24 12:15:30
6904,Methyltestosterone,2025-11-24 12:15:30
6910,Methyprylon,2025-11-24 12:15:30
6911,Methysergide,2025-11-24 12:15:30
6915,Metoclopramide,2025-11-24 12:15:30
6916,Metolazone,2025-11-24 12:15:30
6918,Metoprolol,2025-11-24 12:15:30
6920,Metrizamide,2025-11-24 12:15:30
6922,Metronidazole,2025-11-24 12:15:30
6923,Metyrapone,2025-11-24 12:15:30
6926,Mexiletine,2025-11-24 12:15:30
6927,Mezlocillin,2025-11-24 12:15:30
6929,Mianserin,2025-11-24 12:15:30
6932,Miconazole,2025-11-24 12:15:30
6960,Midazolam,2025-11-24 12:15:30
6963,Midodrine,2025-11-24 12:15:30
6964,Mifepristone,2025-11-24 12:15:30
6972,Mineral Oil,2025-11-24 12:15:30
6979,Minocycline Monohydrochloride,2025-11-24 12:15:30
6979,Minocycline Hydrochloride,2025-11-24 12:15:30
6980,Minocycline,2025-11-24 12:15:30
6984,Minoxidil,2025-11-24 12:15:30
6985,Miocamycin,2025-11-24 12:15:30
6995,Plicamycin,2025-11-24 12:15:30
6996,Mitobronitol,2025-11-24 12:15:30
7004,Mitotane,2025-11-24 12:15:30
7005,Mitoxantrone,2025-11-24 12:15:30
7008,Sotalol Monohydrochloride,2025-11-24 12:15:30
7008,Sotalol Hydrochloride,2025-11-24 12:15:30
7019,Molindone,2025-11-24 12:15:30
7023,Molsidomine,2025-11-24 12:15:30
7024,Molybdenum,2025-11-24 12:15:30
7052,Morphine,2025-11-24 12:15:30
7067,Oral Rinse,2025-11-24 12:15:30
7069,Moxalactam,2025-11-24 12:15:30
7076,Mucins,2025-11-24 12:15:30
7090,Mumps Vaccine,2025-11-24 12:15:30
7094,Muramidase,2025-11-24 12:15:30
7213,Ipratropium,2025-11-24 12:15:30
7226,Nadolol,2025-11-24 12:15:30
7236,Nafronyl,2025-11-24 12:15:30
7237,Nafronyloxalate,2025-11-24 12:15:30
7238,Nalbuphine,2025-11-24 12:15:30
7240,Nalidixic Acid,2025-11-24 12:15:30
7242,Naloxone,2025-11-24 12:15:30
7243,Naltrexone,2025-11-24 12:15:30
7244,Nandrolone,2025-11-24 12:15:30
7258,Naproxen,2025-11-24 12:15:30
7276,Tobramycin Sulfate,2025-11-24 12:15:30
7285,Nefopam,2025-11-24 12:15:30
7300,Neomycin Sulfate,2025-11-24 12:15:30
7301,Neon,2025-11-24 12:15:30
7315,Neostigmine,2025-11-24 12:15:30
7316,Neostigmine Methylsulfate,2025-11-24 12:15:30
7337,Netilmicin,2025-11-24 12:15:30
7393,Nicotinic Acid,2025-11-24 12:15:30
7394,Nialamide,2025-11-24 12:15:30
7398,Nicergoline,2025-11-24 12:15:30
7405,Niacinamide,2025-11-24 12:15:30
7407,Nicotine,2025-11-24 12:15:30
7414,Nicotinyl Alcohol,2025-11-24 12:15:30
7417,Nifedipine,2025-11-24 12:15:30
7418,Niflumic Acid,2025-11-24 12:15:30
7419,Nifuratel,2025-11-24 12:15:30
7421,Nifurtimox,2025-11-24 12:15:30
7424,Nikethamide,2025-11-24 12:15:30
7426,Nimodipine,2025-11-24 12:15:30
7427,Nimorazole,2025-11-24 12:15:30
7433,Alphaprodine Hydrochloride,2025-11-24 12:15:30
7435,Nisoldipine,2025-11-24 12:15:30
7440,Nitrazepam,2025-11-24 12:15:30
7441,Nitrendipine,2025-11-24 12:15:30
7442,Nitric Oxide,2025-11-24 12:15:30
7454,Nitrofurantoin,2025-11-24 12:15:30
7455,Nitrofurazone,2025-11-24 12:15:30
7456,Nitrogen,2025-11-24 12:15:30
7476,Nitroprusside,2025-11-24 12:15:30
7486,Nitrous Oxide,2025-11-24 12:15:30
7490,Nivaquine,2025-11-24 12:15:30
7500,Nomifensine,2025-11-24 12:15:30
7508,Norepinephrine l-Tartrate (1:1),2025-11-24 12:15:30
7508,Norepinephrine Bitartrate,2025-11-24 12:15:30
7512,Norepinephrine,2025-11-24 12:15:30
7513,Norethandrolone,2025-11-24 12:15:30
7514,Norethindrone,2025-11-24 12:15:30
7515,Norethynodrel,2025-11-24 12:15:30
7517,Norfloxacin,2025-11-24 12:15:30
7518,Norgestrel,2025-11-24 12:15:30
7519,Norgestrienone,2025-11-24 12:15:30
7531,Nortriptyline,2025-11-24 12:15:30
7533,Noscapine,2025-11-24 12:15:30
7538,Novobiocin,2025-11-24 12:15:30
7543,Noxythiolin,2025-11-24 12:15:30
7595,Nylidrin,2025-11-24 12:15:30
7597,Nystatin,2025-11-24 12:15:30
7605,Obidoxime Chloride,2025-11-24 12:15:30
7617,Octreotide,2025-11-24 12:15:30
7623,Ofloxacin,2025-11-24 12:15:30
7624,Clove Oil,2025-11-24 12:15:30
7629,Oleandomycin,2025-11-24 12:15:30
7631,Oleic Acid,2025-11-24 12:15:30
7646,Omeprazole,2025-11-24 12:15:30
7674,Opipramol,2025-11-24 12:15:30
7676,Opium,2025-11-24 12:15:30
7688,Orciprenaline,2025-11-24 12:15:30
7701,Ornidazole,2025-11-24 12:15:30
7703,Ornipressin,2025-11-24 12:15:30
7704,Ornithine,2025-11-24 12:15:30
7712,Orotic Acid,2025-11-24 12:15:30
7715,Orphenadrine,2025-11-24 12:15:30
7716,Orphenadrine Citrate,2025-11-24 12:15:30
7762,Ouabain,2025-11-24 12:15:30
7773,Oxacillin,2025-11-24 12:15:30
7778,Oxamniquine,2025-11-24 12:15:30
7779,Oxandrolone,2025-11-24 12:15:30
7781,Oxazepam,2025-11-24 12:15:30
7798,Oxolinic Acid,2025-11-24 12:15:30
7801,Oxprenolol,2025-11-24 12:15:30
7804,Oxycodone,2025-11-24 12:15:30
7805,Oxyfedrine,2025-11-24 12:15:30
7806,Oxygen,2025-11-24 12:15:30
7812,Oxymetazoline,2025-11-24 12:15:30
7813,Oxymetholone,2025-11-24 12:15:30
7814,Oxymorphone,2025-11-24 12:15:30
7816,Oxyphenbutazone,2025-11-24 12:15:30
7818,Oxyphenonium,2025-11-24 12:15:30
7821,Oxytetracycline,2025-11-24 12:15:30
7824,Oxytocin,2025-11-24 12:15:30
7830,"Saralasin Acetate, Hydrated",2025-11-24 12:15:30
7832,4-Aminohippuric Acid,2025-11-24 12:15:30
7839,p-Hydroxyamphetamine,2025-11-24 12:15:30
7880,Pancreatin,2025-11-24 12:15:30
7883,Pancuronium,2025-11-24 12:15:30
7884,Pancuronium Bromide,2025-11-24 12:15:30
